username,row_count,subreddits_present,num_subreddits
RemindMeBot,138,College|Parenting|Retirement,3
exclaim_bot,92,College|Parenting|Retirement,3
AmputatorBot,55,College|Parenting|Retirement,3
alphabet_order_bot,49,College|Parenting|Retirement,3
converter-bot,49,College|Parenting|Retirement,3
FakespotAnalysisBot,44,College|Parenting|Retirement,3
Paid-Not-Payed-Bot,42,College|Parenting|Retirement,3
WikiTextBot,38,College|Parenting|Retirement,3
FatFingerHelperBot,30,College|Parenting|Retirement,3
nice___bot,30,College|Parenting|Retirement,3
LuckyNumber-Bot,28,College|Parenting|Retirement,3
WikiSummarizerBot,28,College|Parenting|Retirement,3
HIPPAbot,26,College|Parenting|Retirement,3
Reddit-Book-Bot,26,College|Parenting|Retirement,3
wikipedia_answer_bot,21,College|Parenting|Retirement,3
LearnDifferenceBot,20,College|Parenting|Retirement,3
autowikibot,15,College|Parenting|Retirement,3
useles-converter-bot,15,College|Parenting|Retirement,3
Upside_Down-Bot,14,College|Parenting|Retirement,3
LinkifyBot,12,College|Parenting|Retirement,3
thebenshapirobot,12,College|Parenting|Retirement,3
IamYodaBot,10,College|Parenting|Retirement,3
extendedwarranty_bot,10,College|Parenting|Retirement,3
WaterIsWetBot,9,College|Parenting|Retirement,3
BookFinderBot,8,College|Parenting|Retirement,3
VettedBot,8,College|Parenting|Retirement,3
CommonMisspellingBot,7,College|Parenting|Retirement,3
wikipedia_text_bot,7,College|Parenting|Retirement,3
BadDadBot,6,College|Parenting|Retirement,3
I-Am-Dad-Bot,5,College|Parenting|Retirement,3
Subjunctive__Bot,4,College|Parenting|Retirement,3
civilrobot,45,Parenting|Retirement,2
imguralbumbot,41,College|Parenting,2
TraciTheRobot,40,College|Parenting,2
kelvin_bot,25,College|Parenting,2
PORTMANTEAU-BOT,24,College|Parenting,2
TheGratitudeBot,24,Parenting|Retirement,2
notaforumbot,24,Parenting|Retirement,2
SokkaHaikuBot,23,College|Parenting,2
hotlinehelpbot,23,College|Retirement,2
LimbRetrieval-Bot,20,College|Parenting,2
timee_bot,20,College|Parenting,2
BigLebowskiBot,19,College|Parenting,2
reddit_toast_bot,18,Parenting|Retirement,2
resavr_bot,17,College|Parenting,2
SexPanther_Bot,16,College|Parenting,2
serendipitybot,16,College|Parenting,2
youtubefactsbot,16,College|Parenting,2
EncouragementRobot,15,College|Parenting,2
Bot4TLDR,13,College|Parenting,2
autourbanbot,13,College|Parenting,2
ghost_of_dongerbot,13,College|Parenting,2
GoodBot_BadBot,12,College|Parenting,2
RepostSleuthBot,12,College|Parenting,2
SuicideAwarenessBot,12,College|Parenting,2
friendly-bot,12,College|Parenting,2
Booty_Warrior_bot,11,College|Parenting,2
YoMommaJokeBot,11,College|Retirement,2
remindditbot,11,College|Parenting,2
the_timezone_bot,11,College|Retirement,2
AntiGoogleAmpBot,9,College|Parenting,2
Good_Human_Bot_v2,9,College|Parenting,2
RedditSilverRobot,9,College|Parenting,2
PenisDetectorBot,8,College|Parenting,2
Grammar-Bot-Elite,7,Parenting|Retirement,2
NoGoogleAMPBot,7,College|Parenting,2
The-Worst-Bot,7,College|Parenting,2
could-of-bot,7,College|Parenting,2
tupac_cares_bot,7,College|Parenting,2
Anti-The-Worst-Bot,6,College|Parenting,2
BingeWatcherBot,6,College|Parenting,2
Chick-fil-A_spellbot,6,College|Parenting,2
fdxrobot,6,College|Parenting,2
hug-bot,6,College|Parenting,2
icarebot,6,College|Parenting,2
maulbot,6,College|Parenting,2
robotoredux696969,6,Parenting|Retirement,2
smilesbot,6,College|Parenting,2
AnimalFactsBot,5,College|Parenting,2
BananaFactBot,5,College|Parenting,2
Bot_Metric,5,College|Parenting,2
CakeDay--Bot,5,College|Retirement,2
ClickableLinkBot,5,College|Parenting,2
Darnit_Bot,5,College|Parenting,2
SmallSubBot,5,College|Parenting,2
Sub_Corrector_Bot,5,College|Parenting,2
dadjokes_bot,5,College|Parenting,2
haikusbot,5,College|Parenting,2
image_linker_bot,5,College|Parenting,2
kzreminderbot,5,College|Parenting,2
mortalitybot,5,College|Parenting,2
table_it_bot,5,College|Parenting,2
timezone_bot,5,College|Parenting,2
AnotherCakeDayBot,4,College|Parenting,2
I_Love_You-BOT,4,College|Parenting,2
JoeBidenBot,4,College|Parenting,2
PayRespects-Bot,4,College|Parenting,2
ReverseCaptioningBot,4,College|Parenting,2
UselessConversionBot,4,College|Parenting,2
aardBot,4,College|Parenting,2
colorsbot,4,College|Parenting,2
johnS_bot,4,College|Parenting,2
smile-bot-2019,4,College|Parenting,2
Anti_Fake_Yoda_Bot,3,College|Parenting,2
Capital_R_and_U_Bot,3,College|Parenting,2
FactorialExpectBot,3,College|Parenting,2
GANDHI-BOT,3,College|Parenting,2
HappyFriendlyBot,3,College|Parenting,2
Link-Help-Bot,3,College|Parenting,2
RobotsHaveNoEmpathy,3,College|Parenting,2
RumDuckBot,3,College|Parenting,2
ackchyually_bot,3,College|Parenting,2
checks_out_bot,3,College|Parenting,2
duty_bot,3,College|Parenting,2
happy-cake-day-bot-,3,College|Retirement,2
jacksfilmsbot,3,College|Parenting,2
nishbot,3,College|Parenting,2
palebot,3,College|Parenting,2
phizbot,3,College|Retirement,2
yeee_bot,3,College|Parenting,2
Actually_a_bot_accnt,2,College|Parenting,2
AlexaPlayBot,2,College|Parenting,2
AntiLowEffortBot,2,College|Parenting,2
CoolDownBot,2,College|Parenting,2
GeneralBot,2,College|Parenting,2
IQuoteYouBot,2,College|Parenting,2
ItWillGetBetterBot,2,College|Parenting,2
MCTerminologyBot,2,College|Parenting,2
ObamaRobot,2,College|Parenting,2
Out-Of-Context-Bot,2,College|Parenting,2
PashaBiceps_Bot,2,College|Parenting,2
Polite_Users_Bot,2,College|Parenting,2
RatedCommentBot,2,Parenting|Retirement,2
TexasFactsBot,2,College|Parenting,2
YT_Reddit_Bot,2,College|Parenting,2
YodaOnReddit-Bot,2,College|Parenting,2
anti_yoda_bot,2,College|Parenting,2
couldshouldwouldbot,2,College|Parenting,2
dance_bot,2,College|Parenting,2
good-Human_Bot,2,College|Parenting,2
gram_bot,2,College|Parenting,2
iamsmilebot,2,College|Parenting,2
idiom_bot,2,College|Parenting,2
ilovejackiebot,2,Parenting|Retirement,2
im_bot-hi_bot,2,College|Parenting,2
imdad_bot,2,Parenting|Retirement,2
misspellbot,2,College|Parenting,2
of_have_bot,2,College|Parenting,2
pushinautobot,2,College|Parenting,2
robot_overloard,2,College|Parenting,2
these_days_bot,2,College|Parenting,2
unyoda-bot,2,College|Parenting,2
whole_alphabet_bot,2,College|Parenting,2
yourewelcome_bot,2,College|Parenting,2
yourewelcome_botbot,2,College|Parenting,2
ze_german_grammarbot,2,College|Parenting,2
robotco,87,Parenting,1
robotneedslove,57,Parenting,1
ambibot,46,Parenting,1
SnickersDadBot,44,Parenting,1
most_likely_not_abot,44,Parenting,1
not-a-bot-promise,44,Parenting,1
refreshbot,44,Parenting,1
nazbot,40,Parenting,1
mamabear76bot,36,Parenting,1
really_robot,36,Parenting,1
SnooRawrBot,35,College,1
RadicalResponseRobot,34,Parenting,1
PossiblyA_Bot,33,College,1
Robotboogeyman,32,Parenting,1
durkbot,31,Parenting,1
Boop_BopBeep_Bot,30,Parenting,1
robottestsaretoohard,30,Parenting,1
robotsamich,29,Parenting,1
J0bot,27,Parenting,1
Agirlandherrobot,26,Parenting,1
NateNMaxsRobot,25,Parenting,1
stinky_robot,25,Parenting,1
robot_potatobrain,24,Parenting,1
hornyrussianbot,23,Parenting,1
IamNotaMonkeyRobot,22,Parenting,1
joncabot,22,College,1
oddlebot,22,Parenting,1
acidbot,21,Parenting,1
Roboticus_Aquarius,20,Retirement,1
robotawata,20,College,1
Robotic_Pedant,19,Parenting,1
helper_robot,19,Parenting,1
reconbot,19,Parenting,1
WindupBot,18,Parenting,1
iamthemeowbot,17,Parenting,1
robotmonstermash,17,Retirement,1
totesrobot,17,Parenting,1
Shaz-bot,16,Parenting,1
fizzyRobot,16,Parenting,1
Defo_not_a_bot_,15,Parenting,1
MuffintopRobot,15,Parenting,1
Robotgirl69,15,Parenting,1
RoboticHam,15,Parenting,1
the_sambot,15,Parenting,1
totally_not_a_spybot,15,Parenting,1
Grammarnazi_bot,14,College,1
OldGloryInsuranceBot,14,Parenting,1
Poorly_disguised_bot,14,Parenting,1
SFF_Robot,14,Parenting,1
Tiny_Giant_Robot,14,College,1
scartonbot,14,College,1
sharkbot,14,Parenting,1
geekbot,13,Parenting,1
phonebatterylevelbot,13,College,1
phonkubot,13,Parenting,1
Egg_bot,12,Parenting,1
Robots_at_the_beach,12,Parenting,1
bot_bot_bot,12,Parenting,1
cazbot,12,Parenting,1
peacerobot,12,Parenting,1
robotdevilhands,12,Parenting,1
robotdies,12,College,1
robotrock420,12,Parenting,1
ChoppingMallKillbot,11,College,1
JenJenRobot,11,Parenting,1
RobotPoo,11,Retirement,1
blithesomebot,11,Parenting,1
glitchy_bot,11,Parenting,1
gobot,11,Retirement,1
lerobinbot,11,College,1
JobsHelperBot,10,College,1
floppy_lalobot,10,Parenting,1
gifv-bot,10,College,1
Froleybot,9,Parenting,1
Hidobot,9,College,1
Jlegobot,9,College,1
NendoBot,9,College,1
QuoteMe-Bot,9,College,1
bitchyrussianbot,9,Parenting,1
replacedbyarobot,9,Parenting,1
robothobbes,9,Retirement,1
roboticviking,9,College,1
robotnel,9,College,1
robotwarlord,9,Parenting,1
RobotGrapes,8,College,1
RobotsFromTheFuture,8,Parenting,1
comfort_bot_1962,8,College,1
dadarobot,8,Parenting,1
janebot,8,Parenting,1
linebreaker-bot,8,College,1
must_be_funny_bot,8,Parenting,1
roboticaquatic,8,Parenting,1
robotua,8,College,1
suburban_robot,8,Parenting,1
DefinitelyNotA-Robot,7,College,1
Gyroisabot,7,Parenting,1
Noble-saw-Robot,7,College,1
Real_human_not_a_bot,7,College,1
RobotMathematician,7,College,1
RoboticDogeCat,7,College,1
RoboticsNote,7,College,1
RobotsRaaz,7,Parenting,1
Whats_a_bot,7,College,1
Xander_aimbot,7,College,1
Zehnbot,7,College,1
anti-gif-bot,7,College,1
baiclobot,7,Parenting,1
boggartbot,7,Parenting,1
justabotheruserbot,7,Parenting,1
limpingrobot,7,Retirement,1
roboticmommy,7,Parenting,1
robots600,7,College,1
robotsim-1,7,Parenting,1
shreezbot,7,Parenting,1
staplerbot,7,Parenting,1
uselessinfobot,7,Parenting,1
DogShietBot,6,College,1
JayRobot,6,College,1
ReadItToMePyBot,6,Parenting,1
RobotTrumpetBaby1213,6,Parenting,1
a2c_bot,6,College,1
awoodenrobot,6,Parenting,1
blackpeoplexbot,6,College,1
cucumberbot,6,Parenting,1
insomniarobot,6,Parenting,1
most-likely-a-bot,6,Parenting,1
pekkabot,6,College,1
porterbot,6,Parenting,1
promptolovebot,6,College,1
ragingRobot,6,Parenting,1
raine_bot,6,Parenting,1
redcorerobot,6,Parenting,1
robot_rawr,6,Parenting,1
robotarm14,6,Parenting,1
robotbot9,6,College,1
roboticguy,6,College,1
robotot,6,Parenting,1
robotpiratenow,6,Parenting,1
AlbiTheRobot,5,Parenting,1
Chlo-bot,5,Parenting,1
Jiggawattbot,5,Parenting,1
PotatoBabobot,5,Parenting,1
RobotVampireDouche,5,Parenting,1
Robotined,5,Parenting,1
Robotpoopyprincess,5,College,1
Robotpsicologa,5,Parenting,1
Talkiebuttbot,5,Parenting,1
ad-bot-679,5,Parenting,1
awkward-bot,5,College,1
bot_mansocks,5,College,1
boy_robot_Sky,5,College,1
creepy_robot,5,Parenting,1
datarobot,5,Parenting,1
femalebot,5,College,1
giantangryrobot,5,Parenting,1
lenbot,5,Parenting,1
millennial_bot,5,Parenting,1
prettylilrobot,5,Parenting,1
randirobot,5,Parenting,1
robotwithhumanhair_,5,Parenting,1
shay_bot,5,Parenting,1
totallynot-abot,5,College,1
vokebot,5,Parenting,1
zo0ombot,5,College,1
-gnarbot,4,Parenting,1
CorruptorBot,4,College,1
CyclopsLobsterRobot,4,Parenting,1
Djentbot,4,Parenting,1
DrMcRobot,4,Parenting,1
I_am_srsly_not_a_bot,4,Parenting,1
JustTryingToHelpBot,4,Parenting,1
Magnetic-Robot,4,Retirement,1
ReDdiT_JuNkBoT,4,Parenting,1
RobotCoyote,4,College,1
RobotSifl,4,Parenting,1
RobotTiddyMilk,4,Parenting,1
Robotman12349,4,College,1
Rocktobot,4,College,1
Shrugfacebot,4,Parenting,1
analogrobot,4,Parenting,1
auto-reply-bot,4,Parenting,1
autospambot,4,College,1
bruh__bot,4,College,1
demonitize_bot,4,Parenting,1
dinosaur_laser_robot,4,Parenting,1
ellieelovebot,4,Parenting,1
fellowrobot,4,Parenting,1
ficbot,4,Parenting,1
murphysmashrobot,4,College,1
phillip-j-frybot,4,Parenting,1
robot-b-franklin,4,Parenting,1
robot-pie,4,Parenting,1
robot_cousin,4,Parenting,1
roboterrorlite,4,College,1
robotictoes,4,Parenting,1
robotnature,4,Parenting,1
robotropolis,4,Parenting,1
robotseamonsters,4,Parenting,1
robotsincognito,4,Parenting,1
shapeshiftingbot,4,Parenting,1
supermodel-robot,4,College,1
Dostoevskybot,3,Parenting,1
DoubleKnotBot,3,Retirement,1
Giant_Robot_Man,3,Parenting,1
GiggityBot,3,College,1
JennaRobot,3,Parenting,1
Ladydoombot,3,College,1
LittleHelperRobot,3,Parenting,1
Meat_Based_Robot,3,Parenting,1
MonsieurMadRobot,3,Parenting,1
NotAHomicidalRobot,3,College,1
PressFBot,3,College,1
RobotBirdHead,3,Parenting,1
RobotEmile,3,Parenting,1
Robot_Biologist,3,College,1
Robot_Swan,3,Parenting,1
Robotic-surg-doc,3,Parenting,1
SPS_BOT,3,College,1
Sarfbot,3,Parenting,1
Savage_Robot_,3,College,1
Shesaspambot,3,Parenting,1
Socat_H_Shazbot,3,Parenting,1
UABADBOT,3,Parenting,1
Underdonetoast_bot,3,College,1
Xpertbot,3,Parenting,1
Zing_bot,3,Parenting,1
buffyybot,3,Parenting,1
colourfulrobot,3,Parenting,1
fasterrobot,3,Parenting,1
fiobot,3,Parenting,1
hipaa-bot,3,Parenting,1
jollybot,3,Parenting,1
kaceybot,3,College,1
outline_link_bot,3,College,1
paigebot,3,Parenting,1
robot88887,3,Parenting,1
robotflame01,3,College,1
robotic_feign,3,Parenting,1
robotmoss,3,Parenting,1
robotsdilemma,3,Retirement,1
subredditsummarybot,3,Retirement,1
superduperrobot,3,Parenting,1
thank_mr_skeltal_bot,3,College,1
unachicarobot,3,Parenting,1
yuubot,3,College,1
zarateBot,3,College,1
4r0bot,2,Parenting,1
AccountDeleteBot,2,College,1
BZbot,2,Parenting,1
BadR0bot,2,College,1
BanglyBot,2,Parenting,1
Bot_Hive,2,Parenting,1
CannotSpotTheBot,2,College,1
Carefree_bot,2,Parenting,1
CauseAndEffectBot,2,Parenting,1
CharitableLinkBot,2,Parenting,1
ChonkyBot,2,Parenting,1
ChwatBot,2,College,1
Frankensteins_Robot,2,College,1
HunnyHunbot,2,College,1
I_am_Not_A_Robot_13,2,College,1
Im_not_a_robot_yet1,2,Parenting,1
JLaw_GIF_Bot,2,College,1
Kidneybot,2,College,1
Mopey_Robot,2,College,1
MyRSSbot,2,College,1
OGInkbot,2,College,1
OneBleachinBot,2,Parenting,1
PryARussianBot,2,Parenting,1
Randi_Robot,2,Parenting,1
RedditUsername_bot,2,Parenting,1
Rejectedrobot,2,Parenting,1
Robot-Chick,2,Parenting,1
RobotBananaSplit,2,College,1
RobotCynic,2,College,1
RobotMistake,2,Parenting,1
Robot_Basilisk,2,College,1
Robot_Caticorn,2,Parenting,1
Robotgirl14131,2,Parenting,1
RoboticBook,2,College,1
RoboticGoose,2,College,1
SaffellBot,2,College,1
SkyeBot,2,Parenting,1
SomaliNotSomalianbot,2,Parenting,1
SpiBot,2,Parenting,1
Sundaydinobot,2,Parenting,1
TheSwearBot,2,College,1
TitleLinkHelperBot,2,College,1
Wrinklebot,2,Parenting,1
aishabot,2,Parenting,1
anicerobot,2,Parenting,1
barfturdbot,2,College,1
battlerobot,2,College,1
bckybrns_luvbot,2,Parenting,1
beepbopboopiamarobot,2,Parenting,1
boopimarobot,2,College,1
bot90210,2,Parenting,1
boujeebot,2,Parenting,1
cabbagebot,2,Parenting,1
captcha_bot,2,Parenting,1
cheer_up_bot,2,Parenting,1
collegebot,2,College,1
foebot,2,College,1
fragbot,2,College,1
frj_bot,2,College,1
hezbot,2,Parenting,1
i_i_anbot,2,Parenting,1
inkibot,2,Parenting,1
jaimbot,2,Parenting,1
maddy-bot,2,College,1
mrfunkybot,2,College,1
multiplevideosbot,2,College,1
murderbotbotbot,2,Parenting,1
not_a_karma_bot,2,College,1
person_bot,2,College,1
queenrobot,2,Parenting,1
robitrobot,2,College,1
robot-caveman,2,College,1
robot90291,2,Parenting,1
robotate_,2,Parenting,1
robotbike2,2,Retirement,1
robotdaddyv721,2,Retirement,1
robothelicopter,2,College,1
roboticforest,2,Parenting,1
roboticpanther77,2,College,1
robotjaw21,2,Parenting,1
robotkermit,2,College,1
robotmonstermomma,2,Parenting,1
robotporn,2,College,1
robotsugardaddy,2,Parenting,1
robottrainer,2,Parenting,1
robotzor,2,College,1
scaredrobot,2,College,1
servalFactsBot,2,College,1
skookbot,2,College,1
soobslovebot,2,College,1
spacexplorerbot,2,Parenting,1
supertinyrobot,2,Parenting,1
tam_bot,2,Parenting,1
totes_meta_bot,2,College,1
undercover9gagbot,2,College,1
vastchemicalrobot,2,Retirement,1
vivek_bot,2,Parenting,1
waffflebot,2,Parenting,1
weirdobot,2,College,1
yomomaisnotajokebot,2,College,1
your-imaginary-bot,2,Parenting,1
zodbot,2,Parenting,1
007Fembot,1,Parenting,1
100_percent_a_bot,1,College,1
2400gbot,1,Parenting,1
AIRHORN_BOT,1,Parenting,1
Abraham_Lincolnbot,1,Parenting,1
ActualSpamBot,1,College,1
Actual_Haiku_Bot,1,College,1
Airconbot,1,Parenting,1
AllegedBot,1,College,1
AlsoARobot,1,College,1
AntiAntiLowEffortBot,1,Parenting,1
AntiThis-Bot,1,Parenting,1
Anti_Anti_Yoda_Bot,1,College,1
Anti_Sarcasm_Bot,1,College,1
AppSuggestionBot,1,Parenting,1
AstronomicalUnitBot,1,College,1
AuntRobot,1,Parenting,1
BOT-Spoderman,1,College,1
BOT_Frasier,1,College,1
Badpythonbot,1,College,1
Beaniebot,1,Retirement,1
BeatsByLobot,1,College,1
Because_Bot_Fed,1,Parenting,1
Bichobot,1,College,1
Birdie_Bot,1,Parenting,1
Bot--1,1,Parenting,1
Bot12391,1,College,1
Bot19902,1,Parenting,1
Bot_Ramen,1,College,1
Bot_Ring_Hunter,1,Parenting,1
BreeIsNotARobot,1,Parenting,1
Burgandy_Bot,1,College,1
Butter-Passing-Bot,1,College,1
C0INbot,1,Parenting,1
CHRIST_BOT_9001,1,College,1
CIA_Chatbot,1,College,1
CMBDeletebot,1,Parenting,1
CantHearYouBot,1,College,1
Chain-smoking-robot,1,College,1
Chuck_Norris_Jokebot,1,College,1
Confucius-Bot,1,Parenting,1
CornFedBot,1,Parenting,1
CorrectorRbot,1,Parenting,1
CouldBeWorseBot,1,Parenting,1
CozmoBot,1,College,1
Crlne_bot,1,Parenting,1
CrowRobot,1,Parenting,1
Crushed_Robot,1,College,1
Csxbot,1,Parenting,1
DEERROBOT,1,College,1
Daughter_Bot,1,Parenting,1
DeAcronym_Bot,1,Parenting,1
DeathBoT,1,Parenting,1
DeeteetBot,1,College,1
DirectImageLinkBot,1,Parenting,1
DirectImageLinkerBot,1,Parenting,1
DuplicatesBot,1,College,1
EFTBot,1,Parenting,1
EVIIL_BoT,1,Parenting,1
Esp32Bot,1,Parenting,1
Evonbot,1,College,1
EyeBleachBot,1,Parenting,1
FindCommentBot,1,Parenting,1
Foamy-Bot,1,College,1
ForestRobot,1,College,1
Funny_or_not_bot,1,Parenting,1
GAllbot,1,College,1
GNUandLinuxBot,1,Parenting,1
Gainit_FAQ_Bot,1,College,1
GiantMeatRobot,1,College,1
GimliBot,1,Parenting,1
Girl-Bot,1,Parenting,1
GitCommandBot,1,College,1
Good_GoodBot_BadBot,1,College,1
Gyazo_Bot,1,College,1
Gynocologist_Bot,1,Parenting,1
HOT__BOT,1,Parenting,1
HappyCakeBot,1,College,1
Hashtag_hunglikeabot,1,College,1
Heart_robot,1,College,1
HeckingBot,1,College,1
HedgieBot,1,College,1
HelicopterBot,1,College,1
HolyMolyEvBot,1,Parenting,1
HostRobot,1,Parenting,1
HumanMale_NotBot,1,Parenting,1
IBrokeMyRobot,1,College,1
IHoebot,1,Parenting,1
I_AM_DAN_THE_ROBOT,1,College,1
I_am_a_haiku_bot,1,Parenting,1
Iarerobot,1,College,1
ImNotAnActualBot,1,College,1
InclusiveOr_Bot,1,Parenting,1
IntrusiveBot,1,College,1
IsABot,1,Parenting,1
JokingLikeaBot,1,Parenting,1
Juggerbot,1,College,1
JustAnotherSadBot,1,Parenting,1
KingTechBot,1,College,1
Kizubot,1,College,1
Laputian-Robot,1,College,1
Lawfulness-bot,1,College,1
Le_Joe_bot,1,College,1
Locobot,1,Parenting,1
LuckedInBot,1,Parenting,1
MajesticBoxyRobot,1,College,1
MaxImageBot,1,College,1
MeTooThanks-bot,1,Parenting,1
MeepoBot,1,College,1
Miss_Autobot,1,Parenting,1
MobileUserBot,1,College,1
ModRankBot,1,College,1
Moms_Robot_Company,1,Parenting,1
MoseBot,1,Parenting,1
MrSchwabot,1,Parenting,1
Mustbearobot,1,College,1
NoGenericBot,1,College,1
NoReplyBot,1,Parenting,1
NonAutomatedBot,1,Parenting,1
NormalHumanNotRobot,1,Parenting,1
Not-A-Robot-404,1,Parenting,1
Not-A-Robot-Anymore,1,College,1
Not_E_Bot,1,College,1
Not_RepostSleuthBot,1,College,1
OrbitingRobot,1,College,1
OtherOtherRobot,1,Parenting,1
PappyLeBot,1,Parenting,1
ParenthesisBot,1,Parenting,1
Personal-Bot-6100,1,Parenting,1
PeterTracey_Bot,1,College,1
Phychology_bot_help,1,Parenting,1
Pi-info-Cool-bot,1,Parenting,1
PiOrQuEbOt,1,College,1
PlaylisterBot,1,College,1
PopcornBot,1,College,1
PrescribedBot,1,College,1
QueTheFuckBot,1,Parenting,1
RabbitEaredRobot,1,Parenting,1
Radiorobot,1,College,1
RedLaceRobot,1,Parenting,1
RedditUsingBot,1,College,1
Redditanimebot,1,Parenting,1
Respondo-bot,1,College,1
RespondsWithFBot,1,College,1
RoboTwigs,1,Parenting,1
Robot-Goldfish,1,Parenting,1
Robot-Jim,1,College,1
RobotCounsel,1,Parenting,1
RobotDude375,1,College,1
RobotEnthusiast,1,Parenting,1
RobotFolkSinger,1,College,1
RobotJesus56,1,Parenting,1
RobotJonesDad,1,Parenting,1
RobotPopCan,1,Parenting,1
RobotReceptionist,1,Parenting,1
RobotRegan,1,Parenting,1
RobotThatEatsBees,1,Parenting,1
RobotVegetables,1,College,1
RobotVsNinja,1,Parenting,1
RobotWelder,1,College,1
RobotWizardz,1,College,1
Robot_Was_BMO,1,College,1
Robot_boy_07,1,Parenting,1
Robotcoconuts,1,Parenting,1
Robotdavidbowie,1,Parenting,1
Robotech9,1,Parenting,1
RobotechXB9R,1,Parenting,1
Robotiamnot9898981,1,Parenting,1
RoboticBirdLaw,1,College,1
RoboticKiwi,1,Parenting,1
RoboticMK,1,College,1
RoboticUnicorns,1,College,1
Robotic_Gentleman,1,College,1
Robotic_space_camel,1,College,1
Robotick1,1,Parenting,1
Robotigan,1,College,1
Robotlolz,1,Parenting,1
Robotmenace,1,College,1
Robotnick2,1,College,1
Robotnik99,1,Parenting,1
Roboto420,1,Parenting,1
Robotpoetry,1,Parenting,1
Robotraffighter,1,Parenting,1
RossGellerBot,1,College,1
Rufuszombot,1,Parenting,1
Ruu_Bot,1,Parenting,1
SaltyFrogbot,1,College,1
ScatterBrainedBot,1,Parenting,1
Scout3rbot,1,Parenting,1
SentientAimBot,1,College,1
SisterRobot,1,Parenting,1
Skootbot,1,Parenting,1
SlothFactsBot,1,College,1
SmarterRobot,1,Parenting,1
SobiTheRobot,1,Parenting,1
Soggybot,1,College,1
SolarClayBot,1,Parenting,1
Son_of_a_Robot,1,College,1
SovietRussiaBot,1,College,1
SovietSocialistRobot,1,College,1
Sprybot,1,College,1
Student_bot,1,College,1
StupidPrizeBot,1,Parenting,1
Syrobot,1,College,1
TahseenTheBot,1,College,1
TellyBot,1,Parenting,1
Tenderbot,1,Parenting,1
TereziBot,1,College,1
The-ai-bot,1,Parenting,1
TheBattleBot,1,College,1
TheEponymousBot,1,College,1
TheLockBot,1,College,1
TheRiceBot,1,Parenting,1
TheSinningRobot,1,Parenting,1
TheTopplingRobot,1,College,1
The_Dapperbot,1,Parenting,1
The_Robot_King,1,College,1
Thelonleybot,1,Parenting,1
Thermidorien4PrezBot,1,College,1
ThesaurizeThisBot,1,College,1
ThotRobot,1,Parenting,1
ThrowRAthebiblybot,1,College,1
Tiny_Robot_A,1,Parenting,1
Title2ImageBot,1,College,1
ToBeFairBot,1,Parenting,1
TooootallyNotABot,1,Parenting,1
TraciBot,1,Parenting,1
TransIator_Bot,1,College,1
TreeFiddyBot,1,College,1
TurboBotBot,1,Parenting,1
TweetsInCommentsBot,1,Parenting,1
UnicronTheRobot,1,Parenting,1
UnitPriceBot,1,Parenting,1
Unpopular_OpinionBot,1,Parenting,1
VotablePodcastsBot,1,Parenting,1
WFHbot,1,Parenting,1
Watermelon_Bot,1,Parenting,1
WeRobot,1,Parenting,1
WhoElseBot,1,College,1
WhoNotWhomBot,1,Parenting,1
WikiWhatBot,1,Parenting,1
WinterWoodBot,1,College,1
WordTreeBot,1,College,1
Yasuo_Spelling_Bot,1,College,1
YourFriendlyBot,1,College,1
ZoidbergBOT,1,Parenting,1
_Robot_toast_,1,Parenting,1
_Twitter_Bot,1,College,1
___kevbot,1,Parenting,1
__fembot,1,College,1
_def_not_a_bot,1,Parenting,1
abottybot,1,Parenting,1
alfie_robot,1,Parenting,1
alotabot,1,Parenting,1
amagickrobot,1,Parenting,1
amazonukbot,1,Parenting,1
ammonium_bot,1,Parenting,1
anicestrobot,1,Parenting,1
annoying_DAD_bot,1,College,1
anshumanbot,1,Parenting,1
answer-reddit-bot,1,College,1
aquinasbot,1,Parenting,1
backtickbot,1,College,1
bad_misspelling_bot,1,College,1
be_bo_i_am_robot,1,Parenting,1
bearrobot,1,College,1
beastwarsdinobot,1,Parenting,1
bidenquotebot,1,College,1
bik3bot,1,Parenting,1
black_magic_robot,1,Parenting,1
bleedingrobot,1,Parenting,1
bleepbloopblopthebot,1,College,1
bleepblooprobotrobot,1,Parenting,1
blerghbot,1,Parenting,1
boozybot,1,Parenting,1
bot-killer-001,1,Retirement,1
bot067,1,Parenting,1
bot56789011,1,Parenting,1
bot_goodbot_bot,1,Retirement,1
bot_lov,1,Parenting,1
bot_popularity_bot,1,College,1
bot_tim2223,1,Parenting,1
brainrobot,1,Parenting,1
brockbot,1,Parenting,1
bubblebeebot,1,Parenting,1
bubblestherobot,1,College,1
bzzybot,1,College,1
chip-paywallbot,1,College,1
chocobot,1,Parenting,1
chris_brown_bot,1,Parenting,1
clotbot,1,Parenting,1
correctionhumanbot,1,College,1
crazy-robot-guy,1,Parenting,1
creperobot,1,College,1
crungo_bot,1,College,1
crwbot,1,Parenting,1
cynical_robot,1,Retirement,1
def_a_bot,1,Parenting,1
dinosaurversusrobot,1,Parenting,1
dno_bot,1,Parenting,1
dookie_bot,1,College,1
doot_bot,1,College,1
doublesuperrobot,1,Parenting,1
dreambot,1,Parenting,1
dsighbot,1,College,1
dullgreyrobot,1,Parenting,1
erockrobot,1,Parenting,1
euonymusbot,1,Parenting,1
farmrbot,1,Parenting,1
fatFingersbot,1,Parenting,1
fileBot,1,Parenting,1
flanerbot,1,College,1
flower-bot,1,College,1
food_for_bot,1,Parenting,1
footfetish-bot,1,Parenting,1
fotorobot,1,Parenting,1
fourbot,1,College,1
frida_bot,1,Parenting,1
frontpageDSbot,1,College,1
garlicrobot,1,Parenting,1
haiku-testbot,1,College,1
hambot,1,Parenting,1
han_bot,1,Parenting,1
hangezoelovebot,1,College,1
have_bot,1,Parenting,1
hecubot,1,College,1
hello_mrrobot,1,College,1
hhugrobot,1,College,1
hiimRobot,1,College,1
hipsterrobot,1,Parenting,1
hopelessnoobsaibot,1,College,1
hularobot,1,College,1
iWannaJoinTooBot,1,College,1
iamNadaRobot,1,Parenting,1
iamnowasexrobot,1,Parenting,1
im-dad-bot,1,College,1
im-not-a-fakebot,1,College,1
imFembot,1,Parenting,1
imarrobot,1,Parenting,1
innocence_bot,1,College,1
isurrenderbot,1,College,1
jzrobot,1,College,1
ketchup_bot,1,Parenting,1
kewpiebot,1,Parenting,1
lacroixbot,1,College,1
lalarobot,1,Parenting,1
lizibot,1,College,1
long-tale-books-bot,1,Parenting,1
magpiebot,1,Parenting,1
mailmygovNNBot,1,College,1
marebot,1,Parenting,1
maybe0a0robot,1,College,1
maybeathrowawaybot,1,College,1
mightyumibot,1,Parenting,1
mirage-bot,1,Parenting,1
mmmmbot,1,Parenting,1
moronicrobot,1,College,1
mr_robot__2020,1,College,1
mrs-blivbot,1,Parenting,1
mrstacobot,1,Parenting,1
myceliumbot,1,Parenting,1
nallaBot,1,College,1
nazi_robot,1,College,1
no_ur_great_bot,1,Parenting,1
nohatebot,1,Parenting,1
not-a-bot-420,1,Parenting,1
not_actually_a_robot,1,Parenting,1
notanactualbot,1,Parenting,1
notcompletelyrobot,1,College,1
note-to-self-bot,1,Parenting,1
numba1_redditbot,1,College,1
nwordcountbot,1,College,1
obnoxiouslybigrobot,1,Parenting,1
octopus_tigerbot,1,Parenting,1
official_not_a_bot,1,Parenting,1
ok_nerd_bot,1,College,1
parentingrobot,1,Parenting,1
perkele_bot,1,Parenting,1
pi_bot_,1,Parenting,1
pinklovebot,1,College,1
political_bot,1,College,1
pretty_robot,1,Parenting,1
promisethatimnotabot,1,Parenting,1
proveyouarenotarobot,1,College,1
rabidbot,1,Parenting,1
ramlal_bot_1,1,College,1
randomredditterrobot,1,College,1
receptionist_robot,1,Parenting,1
redditvidmakerbot,1,College,1
reidchabot,1,Parenting,1
renewalrobot,1,Parenting,1
rheabot,1,Parenting,1
robot-trouser-snake,1,Parenting,1
robot0boy,1,College,1
robot0wl,1,College,1
robot16,1,Parenting,1
robot199990,1,College,1
robot2468,1,College,1
robot_28,1,Parenting,1
robot_DNA,1,College,1
robot__girl,1,Parenting,1
robot_alien,1,College,1
robot_bones,1,College,1
robot_duzey,1,Retirement,1
robot_rumpus,1,Parenting,1
robot_wth_human_hair,1,Parenting,1
robotatomica,1,College,1
robotbigfoot,1,Parenting,1
robotcat4,1,Parenting,1
robotcrow1878,1,College,1
robotgerbil,1,College,1
robothebird,1,College,1
roboticbatman,1,College,1
roboticsemiotics,1,Parenting,1
roboticsgoof,1,College,1
roboticsmax,1,Parenting,1
robotictiger,1,College,1
roboticturtle,1,Parenting,1
roboticvn,1,Parenting,1
robotify,1,Parenting,1
robotikempire,1,College,1
robotinmybutt,1,Parenting,1
robotmonkeyshark,1,Parenting,1
robotnerd23,1,College,1
robotnik2222,1,Parenting,1
robotortoise,1,College,1
robotpatrols,1,College,1
robotreaperr,1,College,1
robots-made-of-cake,1,Parenting,1
robotsabroad,1,College,1
robotsatemycat,1,Parenting,1
robotscantrecaptcha,1,Parenting,1
robotsloveguavas,1,College,1
robotsneedwuv,1,Parenting,1
robotstateofmind,1,Parenting,1
robotti_55,1,Parenting,1
robotvoodoopower,1,Parenting,1
robotwizardd,1,College,1
rockem-sockem-ho-bot,1,College,1
roguerobot,1,Parenting,1
rosielemonbot,1,Parenting,1
royal-robot,1,Parenting,1
rufflebot,1,Parenting,1
scrubotherobot,1,College,1
selfesteembot,1,Parenting,1
shaunbot,1,College,1
shinjisrobot,1,Parenting,1
shrifbot,1,Parenting,1
simon_doull_bot,1,Parenting,1
sneakpeekbot,1,College,1
societybot,1,College,1
stoopidBotBot,1,Parenting,1
stu_pid_Bot,1,College,1
surgebot,1,Parenting,1
sutobot,1,Parenting,1
taytorbot,1,Parenting,1
technic_bot,1,College,1
teddyRbot,1,Parenting,1
templatebot,1,Parenting,1
thatfunrobot,1,Parenting,1
the5050bot,1,College,1
thehelsabot,1,Parenting,1
themackbot,1,Parenting,1
themasterbot,1,College,1
themostnicestrobot,1,Parenting,1
thisthat_bot,1,College,1
thotthebot,1,College,1
thrawnbot,1,Parenting,1
throwawaynotarobot,1,Parenting,1
treebot,1,Parenting,1
trubluebot,1,Parenting,1
trustyrobot,1,College,1
turnerbot,1,Parenting,1
twitterInfo_bot,1,College,1
twitterlinkbot,1,College,1
ugh_bot,1,Parenting,1
umadbrobot,1,Parenting,1
undead-robot,1,College,1
ununyoda-bot,1,Parenting,1
virtuallynudebot,1,College,1
vredditmirrorbot,1,College,1
whizbot,1,Parenting,1
wifabot,1,Parenting,1
wordscounterbot,1,Parenting,1
xistential_bot,1,College,1
yesiamarobot,1,Parenting,1
